5,5,5,5,5,5,5,5,5,5,5,5,5,5,5,5,5,5,5,5,5,5,5,5,5,5,5,5,5,5,5,5,5,5,5,5,5,5,5,5,5,5,5,5,5,5,5,5,5,5,5,5,5,5,5,5,5,5,5,5,5,5,5,5,5,5,5,5,5,5,5,5,5,5,5,5,5,5,5,5,5
5,5,-1,-1,5,-1,5,-1,-1,5,-1,5,-1,-1,-1,5,5,-1,-1,-1,-1,-1,-1,5,-1,-1,5,5,-1,-1,-1,-1,5,5,-1,-1,-1,5,-1,-1,-1,-1,-1,-1,-1,5,-1,-1,-1,-1,5,5,-1,-1,5,-1,-1,-1,-1,-1,-1,-1,5,-1,-1,5,-1,-1,-1,5,-1,-1,-1,5,-1,5,-1,5,5,5,5
5,-1,-1,-1,-1,-1,-1,-1,5,-1,-1,-1,-1,-1,-1,-1,5,-1,-1,-1,-1,5,-1,5,5,-1,-1,-1,5,-1,-1,-1,5,-1,5,-1,-1,5,-1,5,5,-1,5,5,-1,-1,-1,5,-1,-1,-1,-1,-1,5,-1,-1,-1,-1,-1,-1,-1,5,5,5,5,-1,5,-1,-1,-1,5,-1,5,-1,-1,-1,5,-1,5,5,5
5,-1,-1,-1,-1,-1,-1,-1,-1,-1,-1,-1,-1,-1,-1,-1,-1,-1,-1,-1,-1,-1,-1,-1,-1,-1,-1,5,-1,-1,-1,-1,-1,-1,-1,5,-1,-1,-1,-1,-1,-1,-1,-1,-1,5,-1,5,5,-1,-1,5,-1,5,-1,5,-1,5,-1,-1,5,-1,-1,-1,-1,5,-1,-1,5,-1,-1,-1,-1,-1,5,-1,5,5,5,5,5
5,5,5,-1,-1,-1,-1,-1,5,5,-1,-1,-1,-1,-1,-1,-1,-1,-1,-1,-1,-1,-1,5,-1,-1,-1,-1,5,-1,5,-1,5,5,-1,-1,-1,5,5,-1,-1,-1,-1,-1,5,-1,5,-1,-1,-1,-1,5,-1,-1,5,-1,5,-1,-1,-1,-1,-1,5,-1,-1,-1,5,-1,-1,-1,-1,-1,-1,-1,-1,5,-1,5,-1,5,5
5,-1,-1,-1,-1,-1,-1,-1,5,-1,-1,-1,-1,-1,5,-1,-1,-1,-1,-1,-1,-1,-1,5,-1,-1,-1,-1,-1,-1,-1,5,-1,-1,-1,-1,-1,-1,-1,-1,5,-1,5,-1,5,-1,-1,-1,-1,-1,-1,-1,-1,-1,-1,-1,-1,-1,5,-1,-1,-1,-1,-1,-1,-1,-1,-1,-1,-1,5,-1,-1,-1,5,5,-1,-1,-1,5,5
5,5,-1,5,-1,-1,-1,5,-1,5,-1,5,5,-1,-1,-1,-1,-1,-1,-1,-1,-1,-1,-1,-1,-1,-1,-1,-1,5,5,-1,-1,-1,5,-1,-1,-1,5,5,-1,5,-1,-1,5,-1,5,-1,5,5,-1,-1,-1,5,-1,-1,5,5,-1,5,5,-1,5,5,5,-1,-1,-1,5,-1,-1,-1,5,-1,-1,-1,-1,-1,5,5,5
5,-1,-1,-1,5,-1,5,-1,5,-1,-1,-1,5,-1,5,-1,-1,-1,-1,-1,-1,-1,-1,-1,5,-1,-1,5,-1,-1,-1,-1,-1,-1,-1,-1,-1,-1,-1,-1,-1,-1,-1,-1,-1,-1,5,5,-1,-1,-1,5,-1,-1,-1,-1,-1,-1,-1,-1,5,-1,-1,-1,5,-1,-1,-1,-1,-1,-1,-1,-1,-1,5,-1,5,-1,-1,5,5
5,-1,5,5,-1,-1,-1,5,-1,-1,5,-1,5,-1,-1,-1,-1,-1,-1,-1,-1,-1,-1,5,5,5,-1,-1,-1,-1,-1,-1,-1,-1,5,-1,-1,-1,5,-1,5,5,-1,-1,-1,-1,-1,-1,-1,-1,-1,5,-1,5,5,-1,-1,-1,5,5,-1,-1,-1,-1,-1,-1,5,-1,-1,-1,-1,-1,5,5,-1,5,-1,-1,5,5,5
5,5,-1,-1,-1,-1,-1,-1,5,-1,-1,-1,-1,-1,5,-1,-1,-1,-1,-1,-1,-1,-1,-1,-1,-1,-1,-1,5,-1,-1,-1,-1,-1,-1,-1,-1,-1,-1,-1,-1,-1,-1,-1,-1,-1,-1,5,-1,-1,-1,-1,-1,-1,-1,-1,-1,-1,-1,5,-1,-1,-1,-1,5,-1,-1,-1,5,-1,-1,-1,-1,-1,5,-1,-1,-1,-1,5,5
5,-1,-1,-1,-1,5,-1,5,-1,5,-1,-1,-1,-1,-1,-1,-1,-1,-1,-1,-1,-1,-1,-1,-1,-1,-1,-1,-1,5,-1,-1,-1,-1,-1,-1,-1,5,-1,-1,-1,-1,-1,-1,-1,-1,-1,5,-1,-1,5,-1,-1,-1,-1,-1,-1,5,5,-1,-1,-1,-1,5,-1,5,5,5,-1,-1,-1,-1,5,-1,-1,-1,-1,5,-1,5,5
5,5,-1,-1,-1,-1,-1,-1,5,-1,-1,5,-1,5,-1,-1,-1,-1,-1,-1,-1,-1,-1,-1,5,-1,5,-1,-1,-1,-1,5,-1,-1,-1,-1,-1,-1,-1,5,-1,-1,-1,5,-1,-1,-1,-1,5,-1,-1,5,-1,-1,-1,-1,-1,-1,-1,-1,-1,-1,-1,-1,-1,-1,-1,-1,5,-1,5,-1,-1,-1,-1,-1,-1,5,-1,5,5
5,-1,-1,-1,-1,-1,-1,-1,5,-1,-1,5,5,-1,-1,-1,-1,-1,-1,-1,-1,-1,-1,-1,-1,-1,-1,-1,-1,-1,5,-1,-1,-1,5,-1,5,5,-1,-1,-1,-1,-1,-1,-1,-1,-1,-1,-1,-1,-1,-1,5,-1,5,-1,-1,-1,-1,-1,-1,-1,-1,5,-1,-1,-1,5,-1,-1,-1,5,-1,-1,-1,-1,5,-1,-1,5,5
5,-1,-1,-1,-1,5,5,-1,-1,5,-1,-1,-1,-1,-1,-1,-1,-1,-1,-1,-1,-1,-1,-1,-1,-1,-1,-1,-1,-1,-1,-1,-1,5,5,-1,-1,-1,5,-1,5,5,-1,5,-1,5,-1,-1,-1,-1,-1,-1,-1,-1,-1,-1,-1,-1,5,-1,5,-1,-1,-1,-1,-1,-1,-1,-1,-1,-1,5,-1,-1,-1,-1,-1,-1,-1,5,5
5,-1,5,5,-1,-1,-1,-1,-1,-1,-1,-1,-1,-1,-1,-1,-1,-1,-1,-1,-1,-1,-1,-1,5,-1,-1,5,5,-1,-1,-1,-1,-1,-1,-1,-1,-1,-1,-1,-1,-1,5,-1,-1,-1,5,-1,-1,-1,-1,-1,5,-1,-1,-1,-1,-1,-1,-1,-1,-1,-1,-1,-1,-1,5,-1,5,-1,-1,-1,-1,-1,-1,-1,-1,-1,-1,5,5
5,-1,-1,5,-1,-1,5,-1,-1,-1,-1,-1,-1,-1,5,-1,-1,-1,-1,-1,-1,-1,-1,5,5,5,-1,-1,5,5,-1,-1,-1,-1,-1,-1,-1,-1,-1,-1,-1,-1,-1,-1,-1,-1,-1,5,-1,-1,5,-1,-1,-1,-1,-1,-1,5,-1,-1,5,-1,-1,-1,5,-1,-1,5,-1,-1,5,-1,-1,-1,-1,-1,-1,-1,-1,5,5
5,5,-1,-1,5,-1,-1,-1,-1,-1,-1,-1,-1,5,5,5,-1,-1,-1,-1,5,-1,-1,-1,-1,5,-1,-1,-1,-1,-1,5,-1,-1,-1,-1,-1,5,-1,-1,-1,5,5,-1,-1,-1,5,-1,-1,-1,5,-1,-1,5,-1,-1,-1,5,-1,-1,-1,-1,5,-1,-1,-1,-1,-1,-1,-1,5,-1,-1,-1,-1,-1,-1,5,-1,5,5
5,5,-1,-1,-1,-1,-1,5,-1,-1,-1,-1,-1,-1,-1,-1,5,-1,-1,-1,-1,-1,-1,-1,-1,-1,-1,-1,-1,-1,-1,-1,-1,-1,-1,-1,-1,-1,-1,-1,-1,-1,5,5,-1,-1,-1,5,-1,-1,-1,5,-1,-1,5,-1,-1,5,-1,-1,5,-1,-1,5,5,-1,5,-1,-1,-1,-1,5,5,-1,5,-1,-1,5,-1,5,5
5,-1,-1,-1,5,-1,-1,-1,-1,-1,-1,-1,-1,-1,5,-1,5,-1,-1,-1,-1,-1,5,-1,-1,-1,-1,-1,5,5,-1,-1,-1,5,-1,-1,-1,-1,-1,-1,5,-1,-1,-1,-1,5,-1,-1,-1,-1,-1,-1,-1,-1,-1,-1,-1,5,-1,-1,-1,-1,-1,-1,-1,-1,-1,-1,-1,-1,-1,-1,5,-1,-1,-1,-1,5,-1,5,5
5,5,-1,-1,-1,-1,-1,-1,-1,-1,-1,-1,-1,-1,5,5,-1,-1,-1,-1,-1,-1,-1,-1,-1,-1,-1,-1,-1,-1,-1,5,-1,-1,-1,5,-1,-1,5,5,-1,5,-1,-1,-1,-1,-1,5,-1,-1,-1,-1,-1,5,-1,5,5,5,-1,-1,-1,-1,-1,-1,-1,5,-1,-1,5,-1,5,-1,-1,-1,5,-1,5,-1,-1,5,5
5,-1,-1,-1,5,-1,-1,-1,5,-1,-1,-1,-1,-1,-1,-1,-1,-1,5,-1,-1,-1,-1,-1,-1,5,-1,-1,-1,-1,-1,-1,-1,-1,-1,-1,-1,-1,-1,5,-1,-1,-1,-1,-1,-1,-1,-1,-1,-1,-1,-1,5,-1,-1,-1,-1,-1,5,-1,-1,-1,-1,-1,5,-1,5,-1,-1,5,-1,-1,5,-1,-1,-1,-1,5,-1,5,5
5,-1,5,-1,-1,-1,-1,-1,-1,-1,-1,-1,-1,-1,-1,5,-1,-1,-1,-1,-1,-1,-1,5,-1,-1,-1,-1,-1,-1,-1,-1,-1,-1,5,5,-1,-1,-1,-1,-1,5,-1,5,-1,-1,5,5,-1,5,-1,-1,-1,5,-1,-1,5,-1,5,-1,5,-1,-1,-1,5,5,-1,-1,-1,-1,-1,-1,-1,5,5,-1,-1,-1,-1,5,5
5,-1,-1,-1,-1,-1,-1,-1,-1,5,5,5,-1,5,-1,-1,-1,-1,-1,-1,-1,5,-1,-1,-1,-1,-1,-1,-1,-1,5,-1,-1,-1,-1,5,5,-1,-1,-1,-1,-1,-1,-1,-1,-1,-1,-1,-1,5,5,-1,-1,-1,-1,-1,-1,-1,-1,-1,-1,5,-1,-1,-1,-1,-1,-1,-1,5,5,-1,-1,-1,5,-1,5,-1,5,5,5
5,-1,5,-1,5,-1,-1,-1,5,-1,-1,-1,-1,-1,-1,-1,5,5,-1,-1,-1,-1,5,-1,-1,-1,-1,-1,-1,-1,-1,5,-1,5,-1,-1,-1,-1,-1,5,-1,-1,5,-1,-1,5,-1,5,-1,-1,-1,-1,-1,-1,-1,5,-1,-1,5,-1,-1,-1,-1,-1,-1,-1,-1,-1,5,-1,-1,-1,-1,5,-1,5,-1,-1,-1,5,5
5,-1,5,-1,-1,-1,-1,-1,-1,-1,-1,-1,-1,-1,-1,-1,5,-1,-1,5,5,5,-1,-1,-1,5,-1,-1,-1,-1,5,5,-1,-1,-1,-1,-1,-1,-1,-1,-1,-1,-1,-1,5,-1,5,-1,5,-1,-1,-1,-1,-1,5,5,-1,-1,-1,-1,5,-1,-1,-1,-1,-1,-1,5,-1,-1,5,5,-1,-1,-1,-1,5,-1,-1,5,5
5,-1,-1,-1,-1,-1,-1,-1,5,-1,5,-1,-1,-1,-1,5,-1,-1,-1,-1,-1,-1,-1,-1,-1,-1,5,5,-1,-1,-1,5,-1,-1,-1,-1,5,-1,-1,-1,5,5,-1,-1,5,-1,-1,-1,-1,-1,5,-1,-1,-1,-1,-1,5,5,-1,5,-1,-1,-1,-1,-1,-1,5,-1,-1,5,-1,-1,-1,-1,-1,-1,-1,-1,-1,5,5
5,-1,-1,-1,-1,-1,-1,-1,5,-1,-1,5,-1,5,-1,-1,5,-1,-1,-1,-1,-1,-1,-1,-1,5,-1,-1,-1,-1,-1,5,-1,-1,-1,-1,-1,-1,-1,-1,-1,5,-1,-1,-1,5,-1,-1,5,-1,-1,-1,-1,-1,-1,-1,-1,-1,-1,-1,5,-1,5,-1,-1,-1,5,5,-1,5,-1,-1,5,-1,-1,-1,-1,-1,-1,5,5
5,-1,5,-1,-1,-1,-1,-1,-1,5,-1,-1,5,-1,-1,-1,-1,5,-1,-1,-1,-1,5,-1,5,-1,-1,-1,5,-1,-1,5,-1,-1,-1,-1,-1,-1,-1,-1,-1,-1,-1,5,5,5,-1,-1,5,-1,-1,-1,-1,-1,-1,-1,-1,5,-1,-1,-1,-1,5,5,-1,-1,-1,5,5,-1,5,-1,-1,-1,-1,5,-1,-1,-1,5,5
5,-1,-1,5,-1,-1,-1,-1,-1,-1,-1,-1,-1,5,-1,-1,5,-1,-1,-1,-1,-1,5,-1,5,-1,-1,5,-1,-1,-1,-1,-1,-1,-1,-1,-1,-1,-1,-1,-1,-1,-1,-1,5,-1,5,-1,-1,-1,5,-1,-1,-1,-1,5,-1,5,-1,-1,-1,-1,-1,-1,5,-1,-1,-1,-1,-1,5,-1,-1,5,5,-1,-1,-1,-1,5,5
5,-1,-1,-1,-1,-1,-1,5,-1,-1,5,-1,-1,-1,-1,-1,-1,-1,5,-1,-1,5,-1,-1,-1,-1,5,-1,-1,5,-1,-1,-1,-1,-1,-1,-1,-1,-1,-1,-1,-1,-1,-1,-1,-1,-1,-1,5,5,-1,-1,-1,-1,5,5,5,-1,-1,-1,-1,5,-1,5,-1,-1,-1,-1,-1,-1,-1,-1,-1,-1,-1,-1,-1,-1,-1,5,5
5,5,5,-1,-1,-1,5,-1,-1,5,-1,-1,-1,5,-1,-1,-1,5,-1,-1,5,-1,5,5,-1,-1,-1,-1,-1,-1,-1,-1,-1,-1,-1,-1,-1,-1,-1,-1,-1,-1,-1,-1,-1,-1,-1,-1,-1,-1,-1,5,-1,-1,-1,5,-1,-1,5,-1,-1,5,5,-1,-1,5,-1,-1,-1,5,-1,5,-1,-1,-1,-1,-1,-1,-1,5,5
5,-1,5,-1,-1,-1,-1,-1,-1,-1,-1,5,-1,-1,-1,5,-1,5,-1,-1,-1,-1,-1,5,5,-1,-1,-1,-1,-1,-1,-1,-1,-1,-1,-1,-1,-1,-1,-1,-1,-1,-1,-1,-1,-1,-1,5,-1,-1,-1,-1,-1,-1,-1,-1,-1,-1,-1,5,-1,5,-1,-1,-1,-1,-1,5,-1,5,5,-1,-1,-1,-1,-1,-1,5,-1,5,5
5,-1,-1,-1,-1,-1,-1,-1,-1,-1,-1,-1,-1,-1,-1,5,-1,-1,-1,5,5,-1,-1,5,-1,-1,-1,-1,-1,5,-1,-1,-1,-1,-1,-1,-1,-1,-1,-1,-1,-1,-1,-1,-1,-1,-1,-1,-1,5,-1,-1,-1,-1,-1,-1,-1,5,-1,-1,5,-1,-1,-1,5,-1,-1,5,5,-1,-1,-1,-1,-1,-1,-1,5,-1,5,5,5
5,-1,-1,-1,-1,-1,-1,-1,-1,-1,-1,-1,-1,-1,5,-1,-1,-1,-1,-1,-1,-1,-1,-1,-1,-1,-1,-1,-1,-1,5,-1,-1,-1,-1,-1,-1,-1,-1,-1,-1,-1,-1,-1,-1,5,-1,-1,-1,-1,-1,5,5,5,5,-1,-1,-1,-1,5,-1,-1,5,-1,-1,5,-1,-1,5,-1,-1,-1,5,5,-1,5,-1,5,-1,5,5
5,-1,-1,5,-1,5,-1,-1,-1,-1,-1,-1,5,-1,5,-1,-1,-1,5,5,-1,5,5,-1,-1,5,-1,-1,-1,5,5,5,-1,-1,-1,-1,-1,-1,-1,-1,-1,-1,-1,-1,5,-1,-1,-1,-1,5,-1,-1,5,-1,5,-1,-1,5,-1,-1,5,-1,-1,-1,5,-1,-1,-1,-1,5,-1,-1,-1,-1,-1,-1,-1,-1,-1,5,5
5,5,-1,-1,-1,-1,-1,5,-1,-1,-1,5,-1,513,-1,-1,5,5,5,-1,-1,-1,5,-1,5,-1,-1,-1,-1,-1,5,-1,-1,-1,-1,-1,-1,-1,-1,-1,-1,-1,-1,5,-1,-1,-1,-1,5,-1,-1,5,-1,-1,-1,-1,-1,-1,5,-1,5,-1,5,-1,-1,5,-1,-1,-1,5,-1,5,-1,-1,-1,-1,5,-1,5,5,5
5,-1,-1,-1,-1,5,-1,-1,-1,-1,-1,5,-1,-1,5,-1,-1,-1,-1,-1,-1,-1,-1,-1,-1,-1,-1,-1,-1,-1,-1,-1,-1,-1,-1,-1,-1,-1,-1,-1,-1,5,5,-1,-1,-1,5,5,-1,-1,-1,5,-1,-1,5,-1,-1,-1,-1,-1,-1,-1,-1,-1,5,-1,-1,-1,-1,-1,-1,-1,5,-1,-1,-1,-1,5,5,5,5
5,5,-1,-1,-1,-1,-1,5,-1,-1,-1,-1,-1,-1,-1,-1,-1,-1,-1,-1,5,5,-1,5,-1,5,-1,-1,-1,-1,5,-1,5,5,-1,-1,5,-1,-1,-1,5,5,-1,-1,-1,-1,5,-1,-1,5,-1,-1,-1,-1,-1,5,-1,-1,-1,5,-1,-1,-1,-1,-1,-1,5,5,5,5,-1,5,-1,-1,-1,-1,5,-1,5,5,5
5,5,-1,-1,5,-1,5,-1,-1,-1,-1,5,-1,5,-1,-1,-1,-1,-1,5,-1,-1,-1,-1,-1,-1,-1,5,-1,-1,-1,-1,-1,5,-1,5,-1,5,-1,-1,-1,-1,-1,5,-1,5,-1,-1,-1,5,-1,-1,-1,-1,-1,5,5,-1,5,-1,-1,-1,5,-1,-1,-1,-1,-1,5,-1,-1,-1,-1,-1,5,-1,-1,5,-1,5,5
5,102,-1,-1,-1,-1,-1,-1,-1,-1,-1,-1,-1,-1,-1,5,-1,-1,5,5,5,-1,5,5,-1,5,-1,-1,-1,-1,-1,-1,-1,-1,-1,-1,-1,-1,-1,5,-1,5,-1,-1,-1,-1,5,-1,-1,-1,-1,-1,-1,-1,-1,5,-1,-1,5,-1,-1,5,5,-1,5,-1,5,-1,5,-1,-1,5,-1,-1,-1,-1,5,-1,-1,5,5
5,102,-1,-1,-1,5,-1,-1,-1,-1,-1,-1,-1,5,-1,-1,-1,5,-1,5,-1,-1,-1,-1,-1,-1,-1,-1,-1,-1,5,-1,5,-1,-1,-1,-1,-1,-1,-1,-1,5,-1,-1,-1,5,-1,-1,-1,-1,-1,-1,5,5,-1,-1,5,-1,-1,-1,-1,-1,-1,5,-1,-1,5,5,-1,-1,-1,5,-1,-1,-1,5,-1,-1,-1,5,5
5,102,-1,-1,-1,5,-1,-1,-1,5,-1,-1,5,5,-1,-1,-1,-1,-1,-1,-1,5,5,-1,5,-1,-1,5,-1,5,5,-1,-1,-1,-1,5,-1,-1,-1,5,5,-1,-1,5,-1,-1,-1,5,-1,-1,-1,-1,-1,-1,-1,5,5,-1,-1,-1,5,-1,-1,-1,-1,5,-1,5,-1,5,-1,5,-1,-1,-1,-1,-1,5,-1,5,5
5,5,-1,-1,-1,-1,-1,-1,-1,-1,5,-1,-1,5,-1,-1,-1,-1,5,-1,-1,513,-1,5,5,-1,-1,-1,-1,5,-1,-1,-1,-1,5,-1,-1,5,-1,-1,5,-1,5,-1,5,-1,-1,5,5,5,-1,-1,-1,-1,-1,-1,-1,5,-1,-1,-1,-1,-1,-1,-1,-1,5,-1,-1,-1,-1,-1,-1,5,5,-1,-1,-1,5,5,5
5,-1,-1,-1,-1,-1,-1,-1,-1,-1,-1,5,-1,-1,-1,-1,-1,-1,5,-1,-1,-1,-1,-1,-1,-1,-1,-1,-1,-1,-1,-1,-1,-1,-1,5,-1,5,-1,-1,-1,-1,5,-1,-1,5,-1,-1,-1,-1,-1,-1,-1,-1,-1,-1,5,5,-1,-1,5,5,-1,5,-1,-1,5,5,-1,-1,-1,-1,-1,-1,5,-1,-1,-1,-1,5,5
5,-1,5,-1,-1,-1,-1,5,5,-1,-1,-1,-1,-1,-1,-1,-1,-1,-1,-1,-1,-1,-1,-1,5,-1,5,-1,-1,-1,-1,-1,-1,-1,5,-1,-1,-1,5,-1,5,-1,-1,-1,-1,-1,5,-1,-1,-1,-1,-1,-1,-1,-1,5,-1,5,-1,-1,-1,-1,-1,-1,-1,-1,-1,5,5,-1,-1,-1,-1,5,-1,5,5,5,-1,5,5
5,-1,5,-1,-1,-1,-1,-1,-1,-1,5,-1,-1,-1,-1,5,5,-1,5,5,5,-1,-1,5,-1,-1,5,-1,-1,-1,-1,-1,-1,-1,-1,-1,5,-1,-1,5,-1,5,-1,5,-1,-1,-1,-1,-1,-1,-1,-1,-1,-1,5,-1,-1,-1,-1,-1,-1,-1,5,-1,-1,-1,5,-1,-1,-1,-1,-1,-1,5,-1,-1,5,-1,-1,5,5
5,-1,-1,-1,-1,-1,5,-1,5,-1,-1,-1,-1,-1,5,-1,5,-1,-1,5,-1,-1,-1,-1,5,-1,-1,5,-1,5,-1,5,-1,-1,-1,-1,-1,-1,-1,5,-1,-1,-1,-1,5,-1,-1,-1,-1,-1,-1,-1,-1,5,-1,5,-1,-1,-1,-1,5,-1,-1,-1,-1,-1,5,5,-1,-1,5,-1,-1,-1,-1,5,-1,-1,5,5,5
5,5,-1,-1,-1,-1,-1,-1,-1,-1,-1,-1,-1,-1,-1,-1,-1,-1,-1,5,-1,-1,-1,-1,-1,5,5,5,-1,-1,-1,-1,-1,-1,-1,-1,-1,-1,-1,-1,-1,-1,-1,5,-1,5,-1,-1,-1,-1,-1,-1,-1,-1,-1,5,-1,-1,5,-1,5,5,-1,-1,-1,-1,-1,-1,-1,-1,5,-1,5,-1,-1,5,5,-1,5,5,5
5,-1,-1,-1,-1,-1,-1,-1,5,-1,5,-1,-1,-1,-1,5,-1,-1,-1,-1,-1,-1,-1,-1,-1,-1,-1,-1,-1,-1,-1,5,-1,5,-1,5,-1,-1,-1,-1,-1,-1,-1,-1,-1,-1,-1,-1,-1,-1,-1,-1,-1,-1,-1,5,-1,-1,-1,-1,-1,-1,-1,-1,-1,5,-1,-1,-1,5,-1,-1,-1,-1,5,5,-1,-1,-1,5,5
5,-1,-1,5,-1,-1,-1,-1,-1,-1,-1,-1,-1,5,5,-1,-1,-1,-1,-1,-1,-1,-1,-1,-1,-1,-1,5,5,-1,-1,-1,-1,-1,5,5,-1,-1,5,-1,-1,-1,-1,-1,-1,-1,-1,-1,-1,-1,-1,-1,-1,-1,5,-1,5,-1,5,-1,-1,5,5,-1,-1,-1,-1,-1,5,-1,5,-1,-1,-1,-1,-1,-1,5,-1,5,5
5,-1,-1,-1,5,-1,-1,-1,-1,-1,-1,504,-1,-1,-1,-1,-1,-1,-1,-1,-1,-1,-1,-1,-1,-1,-1,-1,-1,-1,5,-1,5,-1,-1,5,-1,-1,-1,5,-1,-1,-1,-1,-1,5,-1,-1,5,-1,-1,-1,-1,-1,-1,-1,5,-1,5,-1,-1,5,-1,-1,-1,-1,5,-1,-1,-1,-1,5,5,-1,-1,-1,-1,-1,5,5,5
5,-1,5,-1,-1,-1,-1,5,-1,-1,-1,-1,-1,-1,-1,-1,5,-1,-1,-1,-1,5,-1,-1,-1,-1,-1,-1,-1,-1,5,-1,5,5,5,-1,5,-1,-1,5,-1,-1,-1,-1,-1,-1,-1,-1,-1,-1,-1,-1,-1,5,5,-1,5,-1,5,-1,5,5,5,-1,-1,-1,-1,-1,5,-1,5,-1,-1,5,-1,-1,5,-1,5,5,5
5,-1,-1,-1,5,-1,-1,5,-1,-1,5,-1,-1,-1,-1,-1,-1,-1,-1,-1,5,5,-1,5,-1,-1,-1,-1,-1,-1,-1,-1,-1,-1,-1,-1,-1,-1,-1,-1,-1,-1,-1,5,-1,-1,-1,-1,-1,5,-1,-1,-1,-1,-1,-1,-1,-1,-1,-1,-1,-1,-1,-1,5,5,-1,-1,5,-1,-1,5,5,5,-1,-1,-1,-1,-1,5,5
5,-1,5,5,509,5,-1,-1,-1,5,-1,-1,-1,-1,5,-1,-1,5,-1,-1,-1,-1,-1,-1,5,-1,-1,-1,-1,-1,-1,-1,-1,-1,-1,-1,-1,-1,-1,-1,-1,-1,-1,-1,-1,5,-1,5,-1,-1,-1,-1,-1,-1,-1,-1,-1,-1,-1,-1,-1,5,5,-1,5,-1,-1,-1,-1,-1,5,-1,5,-1,-1,-1,-1,5,-1,5,5
5,-1,5,5,-1,5,-1,-1,5,5,5,-1,-1,-1,-1,-1,-1,-1,-1,-1,-1,-1,-1,-1,-1,-1,-1,-1,-1,-1,-1,-1,-1,-1,-1,-1,-1,-1,-1,-1,-1,-1,-1,-1,-1,-1,-1,-1,-1,5,5,-1,-1,-1,-1,-1,-1,5,-1,5,-1,5,-1,-1,-1,5,-1,-1,-1,-1,-1,-1,5,5,-1,5,-1,-1,-1,5,5
5,-1,5,-1,-1,-1,-1,-1,-1,-1,5,5,5,-1,-1,5,-1,-1,-1,-1,-1,-1,5,-1,-1,-1,-1,-1,-1,-1,-1,-1,-1,-1,-1,-1,-1,-1,-1,-1,-1,-1,-1,-1,-1,-1,-1,-1,-1,-1,-1,-1,-1,-1,-1,5,5,-1,-1,-1,5,-1,-1,-1,-1,5,5,-1,-1,-1,-1,5,-1,-1,-1,-1,-1,5,-1,5,5
5,-1,-1,-1,509,-1,-1,-1,5,-1,-1,5,-1,-1,-1,-1,-1,-1,5,-1,-1,5,5,5,-1,-1,-1,-1,-1,-1,5,-1,-1,-1,-1,-1,5,-1,-1,5,-1,-1,-1,-1,-1,-1,-1,-1,-1,-1,-1,-1,-1,-1,-1,-1,-1,-1,-1,-1,5,5,-1,-1,5,-1,5,-1,-1,-1,-1,-1,5,-1,-1,5,-1,5,-1,5,5
5,5,5,5,509,5,-1,5,-1,5,-1,504,-1,-1,5,-1,5,-1,-1,-1,-1,-1,-1,5,-1,-1,-1,-1,5,-1,5,5,5,-1,-1,-1,-1,-1,-1,5,-1,-1,-1,-1,-1,-1,-1,-1,-1,5,-1,-1,5,5,-1,-1,-1,-1,-1,-1,-1,-1,-1,-1,-1,5,5,-1,5,-1,5,-1,-1,-1,-1,-1,-1,-1,5,5,5
5,-1,-1,5,-1,-1,5,-1,-1,-1,-1,-1,5,-1,-1,5,-1,-1,-1,-1,-1,-1,-1,-1,-1,-1,-1,5,5,5,-1,-1,-1,-1,-1,-1,5,-1,-1,-1,-1,5,-1,5,-1,-1,-1,5,5,-1,-1,-1,5,-1,-1,5,-1,-1,-1,-1,5,-1,-1,-1,-1,5,-1,5,-1,5,5,-1,5,-1,-1,-1,5,-1,-1,5,5
5,-1,5,-1,-1,-1,-1,-1,-1,5,5,-1,-1,5,5,-1,-1,-1,-1,-1,-1,-1,-1,-1,-1,-1,-1,-1,-1,-1,-1,-1,-1,-1,5,-1,-1,-1,-1,-1,-1,-1,5,5,-1,-1,-1,-1,-1,-1,5,-1,-1,-1,5,-1,5,5,-1,-1,5,5,-1,5,-1,5,-1,-1,-1,-1,-1,-1,-1,-1,-1,-1,-1,-1,5,5,5
5,-1,5,-1,-1,-1,-1,-1,-1,-1,-1,-1,-1,-1,5,-1,-1,5,-1,5,-1,-1,-1,-1,-1,-1,-1,-1,5,5,-1,5,-1,-1,-1,-1,-1,-1,-1,-1,5,5,-1,-1,-1,-1,-1,-1,-1,-1,-1,-1,5,5,-1,-1,-1,-1,5,-1,-1,-1,-1,5,-1,-1,-1,-1,-1,-1,-1,-1,-1,-1,-1,5,5,5,-1,5,5
5,5,-1,-1,-1,5,-1,-1,5,-1,5,-1,5,-1,-1,-1,5,5,-1,-1,-1,-1,-1,-1,-1,-1,-1,-1,-1,-1,-1,-1,-1,-1,-1,-1,-1,-1,-1,-1,-1,-1,-1,-1,-1,-1,-1,-1,-1,-1,-1,-1,-1,-1,5,5,-1,-1,-1,-1,-1,-1,-1,-1,-1,-1,-1,-1,5,-1,-1,-1,-1,-1,-1,-1,-1,-1,-1,5,5
5,-1,5,-1,-1,-1,-1,-1,5,-1,-1,5,-1,5,-1,-1,-1,5,-1,-1,-1,-1,-1,-1,-1,-1,-1,-1,5,-1,-1,-1,5,5,-1,5,5,5,5,-1,-1,-1,-1,-1,-1,-1,-1,-1,-1,5,-1,5,5,-1,-1,-1,5,5,-1,-1,-1,-1,-1,-1,-1,-1,-1,-1,-1,-1,-1,-1,-1,-1,-1,-1,-1,5,-1,5,5
5,-1,5,-1,5,5,-1,-1,-1,-1,-1,-1,-1,-1,-1,-1,-1,-1,-1,-1,-1,5,5,-1,5,-1,5,-1,-1,5,5,-1,5,-1,5,-1,-1,-1,-1,-1,-1,-1,-1,-1,-1,-1,-1,-1,-1,-1,5,5,-1,5,-1,-1,-1,-1,-1,-1,-1,-1,-1,-1,5,5,-1,-1,-1,5,5,5,-1,-1,-1,-1,5,-1,-1,5,5
5,5,5,5,-1,-1,-1,-1,-1,-1,-1,5,-1,5,-1,5,-1,-1,-1,-1,-1,-1,5,5,5,-1,-1,-1,-1,-1,-1,-1,-1,5,-1,-1,5,-1,5,5,5,5,-1,-1,-1,-1,-1,-1,-1,-1,-1,5,5,5,-1,-1,-1,-1,-1,-1,-1,-1,-1,-1,-1,-1,-1,-1,-1,-1,-1,-1,-1,-1,-1,-1,-1,-1,-1,5,5
5,-1,-1,-1,-1,5,-1,-1,-1,-1,-1,101,-1,5,5,-1,-1,-1,-1,5,-1,5,-1,-1,5,-1,-1,-1,-1,-1,-1,-1,-1,5,-1,-1,-1,5,-1,-1,-1,-1,-1,-1,-1,-1,-1,-1,-1,-1,-1,-1,-1,-1,5,5,-1,-1,-1,5,-1,-1,-1,-1,5,-1,-1,-1,-1,-1,-1,-1,-1,-1,5,-1,5,-1,-1,5,5
5,5,-1,-1,-1,-1,5,5,5,-1,-1,-1,-1,-1,-1,-1,-1,-1,-1,-1,-1,-1,-1,-1,-1,-1,-1,-1,-1,-1,5,5,-1,-1,5,-1,-1,-1,-1,5,-1,-1,-1,5,-1,-1,-1,5,-1,-1,-1,-1,-1,-1,-1,-1,-1,-1,-1,-1,-1,-1,5,5,-1,-1,-1,-1,5,-1,-1,-1,-1,-1,-1,-1,-1,-1,-1,5,5
5,201,5,-1,-1,-1,-1,-1,5,-1,-1,-1,5,-1,5,5,5,-1,-1,-1,-1,-1,5,-1,-1,5,-1,5,-1,5,-1,5,-1,-1,-1,-1,-1,-1,5,-1,-1,-1,-1,-1,-1,-1,-1,-1,5,-1,5,-1,-1,-1,5,-1,-1,-1,-1,5,5,-1,-1,-1,5,-1,-1,-1,-1,5,-1,-1,-1,5,5,-1,5,-1,-1,5,5
5,-1,-1,-1,5,5,-1,-1,-1,-1,-1,-1,-1,-1,-1,-1,-1,5,5,-1,-1,-1,-1,-1,-1,-1,-1,-1,5,-1,-1,-1,-1,-1,-1,5,-1,-1,5,-1,5,-1,-1,-1,-1,-1,-1,5,-1,-1,-1,5,-1,-1,-1,5,5,-1,-1,-1,-1,-1,-1,-1,5,5,-1,-1,5,-1,-1,-1,5,-1,5,-1,-1,-1,-1,5,5
5,-1,5,5,-1,5,-1,5,-1,1,-1,5,-1,-1,-1,-1,-1,5,-1,-1,-1,-1,-1,-1,-1,-1,-1,-1,5,-1,-1,-1,5,5,-1,-1,5,-1,-1,5,-1,-1,5,-1,-1,-1,-1,-1,5,-1,-1,-1,-1,5,5,-1,-1,-1,-1,5,-1,-1,-1,-1,5,-1,-1,-1,-1,-1,-1,-1,-1,-1,-1,-1,-1,-1,-1,5,5
5,802,-1,-1,-1,-1,-1,-1,-1,-1,-1,-1,-1,-1,5,5,-1,-1,-1,-1,5,-1,-1,5,-1,-1,-1,-1,-1,-1,-1,-1,-1,-1,-1,-1,-1,5,-1,-1,-1,5,-1,-1,-1,-1,-1,-1,-1,-1,-1,5,-1,-1,5,-1,-1,-1,-1,-1,-1,-1,-1,-1,5,5,-1,5,5,-1,-1,5,5,-1,-1,-1,-1,-1,-1,5,5
5,-1,-1,-1,-1,-1,5,-1,5,-1,-1,-1,-1,5,-1,-1,-1,5,-1,-1,-1,5,-1,5,-1,-1,-1,5,-1,-1,-1,-1,-1,5,-1,-1,-1,-1,-1,-1,-1,-1,-1,-1,5,-1,-1,5,-1,-1,-1,-1,-1,-1,-1,5,-1,-1,-1,-1,-1,-1,5,-1,-1,-1,-1,-1,-1,-1,-1,-1,-1,-1,-1,-1,-1,5,-1,5,5
5,-1,-1,5,-1,5,5,-1,-1,5,-1,5,-1,5,-1,-1,-1,-1,5,5,5,-1,5,-1,5,-1,-1,-1,-1,5,-1,-1,-1,-1,5,5,-1,-1,-1,-1,-1,-1,5,5,-1,-1,-1,-1,-1,-1,5,-1,5,-1,5,-1,-1,-1,5,-1,-1,-1,5,-1,-1,-1,-1,-1,5,5,-1,-1,-1,-1,-1,5,-1,-1,-1,5,5
5,5,5,-1,5,-1,-1,-1,5,-1,5,-1,5,-1,-1,-1,-1,-1,-1,5,-1,5,-1,-1,-1,-1,-1,5,-1,-1,-1,-1,5,-1,-1,-1,-1,-1,-1,-1,5,-1,-1,-1,-1,-1,5,-1,-1,5,-1,-1,-1,-1,-1,-1,-1,-1,-1,-1,-1,-1,-1,5,-1,-1,-1,-1,-1,5,-1,-1,5,5,-1,-1,5,5,-1,5,5
5,-1,-1,-1,-1,-1,-1,-1,5,-1,5,-1,-1,-1,-1,-1,-1,-1,-1,-1,-1,-1,-1,5,-1,-1,-1,-1,-1,-1,-1,-1,-1,-1,-1,-1,5,-1,-1,-1,-1,-1,-1,-1,-1,-1,-1,-1,-1,-1,-1,-1,-1,-1,5,-1,-1,-1,-1,-1,-1,-1,-1,5,5,-1,-1,-1,5,5,-1,5,-1,5,5,-1,5,-1,-1,5,5
5,110,5,5,5,-1,-1,5,-1,5,5,-1,-1,-1,-1,5,-1,-1,-1,-1,5,-1,-1,5,-1,-1,-1,-1,-1,-1,-1,-1,-1,5,-1,-1,-1,-1,-1,-1,-1,5,-1,-1,5,5,-1,-1,5,-1,5,-1,-1,-1,5,5,-1,-1,-1,-1,-1,-1,5,-1,-1,-1,-1,5,5,5,-1,-1,5,-1,5,5,-1,5,-1,5,5
5,5,-1,-1,-1,-1,5,-1,5,5,5,-1,-1,5,-1,-1,-1,-1,-1,-1,5,5,-1,-1,-1,-1,5,-1,-1,5,-1,5,-1,-1,-1,5,-1,5,-1,5,-1,-1,-1,-1,-1,5,-1,-1,-1,5,-1,-1,5,-1,-1,-1,-1,-1,-1,5,5,-1,-1,5,-1,-1,-1,5,-1,-1,-1,-1,5,-1,-1,-1,-1,-1,-1,5,5
5,5,-1,-1,-1,5,5,-1,5,5,-1,-1,-1,-1,5,-1,-1,-1,5,-1,-1,-1,-1,-1,-1,-1,-1,-1,-1,-1,-1,-1,-1,-1,5,-1,5,-1,-1,-1,-1,-1,-1,5,-1,-1,-1,5,-1,-1,-1,-1,-1,5,-1,5,5,-1,-1,-1,-1,-1,-1,5,5,5,-1,-1,5,5,5,-1,-1,-1,5,-1,-1,-1,-1,5,5
5,5,-1,-1,-1,-1,5,-1,-1,-1,-1,5,-1,-1,-1,-1,-1,5,-1,-1,5,5,-1,-1,-1,-1,-1,-1,5,-1,-1,-1,-1,5,5,-1,-1,-1,-1,5,-1,5,5,-1,-1,-1,-1,-1,-1,-1,-1,-1,-1,-1,5,-1,-1,5,5,-1,-1,-1,-1,-1,-1,-1,-1,-1,-1,-1,-1,-1,-1,-1,-1,-1,-1,-1,-1,5,5
5,111,-1,-1,5,5,-1,-1,-1,-1,-1,-1,-1,-1,-1,-1,-1,-1,-1,-1,-1,-1,-1,-1,-1,-1,-1,-1,-1,-1,-1,-1,-1,5,-1,-1,5,-1,-1,5,-1,-1,-1,-1,5,-1,-1,-1,5,-1,-1,5,-1,-1,5,-1,-1,-1,-1,-1,5,5,-1,-1,-1,-1,5,5,-1,-1,-1,-1,5,-1,-1,5,-1,-1,-1,5,5
5,5,5,5,5,5,5,5,5,5,5,5,5,5,5,5,5,5,5,5,5,5,5,5,5,5,5,5,5,5,5,5,5,5,5,5,5,5,5,5,5,5,5,5,5,5,5,5,5,5,5,5,5,5,5,5,5,5,5,5,5,5,5,5,5,5,5,5,5,5,5,5,5,5,5,5,5,5,5,5,5
